isbn3,title1,author3,course,title2,title3,isbn1,author1,author2,isbn2,price3,price2,price1
,,,All : 2016 Fall : Course ID 95665,,,,,,,,,
,,,All : 2016 Fall : TUTR : 90 : 001 : Course ID 94649,,,,,,,,,
,,,All : 2016 Fall : TUTR : 89 : 001 : Course ID 94648,,,,,,,,,
,,,All : 2016 Fall : Course ID 94602,,,,,,,,,
,,,All : 2016 Fall : UMD : 5200 : 001 : Course ID 95506,,,,,,,,,
,,,All : 2016 Fall : Course ID 94603,,,,,,,,,
,,,All : 2016 Fall : Course ID 94605,,,,,,,,,
,,,All : 2016 Fall : Course ID 94606,,,,,,,,,
,,,All : 2016 Fall : TRAN : 603 : 101 : Course ID 94597,,,,,,,,,
,Urban Transportation Planning,,,,,,,,,,,
,Urban Transportation Planning,,,,,,,,,,,
,,,Course Materials,,,,,,,,,
,,,,,,,Meyer,,,,,
,,,,,,9780072423327,,,,,,
,Urban Transportation Planning,,,,,,,,,,,
,,,,,,,,,,,,$213.75
,Urban Transportation Planning,,,,,,,,,,,
,,,,,,,Meyer,,,,,
,,,,,,,,Meyer,,,,
,,,Course Materials,,,,,,,,,
,,,All : 2016 Fall : Course ID 94608,,,,,,,,,
,,,,,,,,,,,,$213.75
,Engineering Economics & Finance for Transportation Infrastructure,,,,,,,,,,,
,,,,,,,,Meyer,,,,
,Engineering Economics & Finance for Transportation Infrastructure,,,,,,,,,,,
,,,,,,,Prassas,,,,,
,,,Course Materials,,,,,,,,,
,,,,,,,,,,,,$136.75
,Operations Research (w/CD & InfoTrac Access Code),,,,,,,,,,,
,Operations Research (w/CD & InfoTrac Access Code),,,,,,,,,,,
,,,,,,,Winston,,,,,
,,,All : 2016 Fall : TRAN : 615 : 851 : Course ID 94599,,,,,,,,,
,,,,,,,,Prassas,,,,
,,,,,,,,,,,,$435.50
,,,All : 2016 Fall : Course ID 94613,,,,,,,,,
,,,Course Materials,,,,,,,,,
,Traffic Engineering,,,,,,,,,,,
,Traffic Engineering,,,,,,,,,,,
,,,,,,,Roess,,,,,
,,,,,,,,Winston,,,,
,Operations Research (w/CD & InfoTrac Access Code),,,,,,,,,,,
,,,,,,9780136135739,,,,,,
,,,,,,,,,,,,$236.75
,,,,,,,,Roess,,,,
,Operations Research (w/CD & InfoTrac Access Code),,,,,,,,,,,
,,,,,,,Winston,,,,,
,,,,,,,,,,,,$435.50
,,,Course Materials,,,,,,,,,
,,,,,,,,Winston,,,,
,Urban Transit,,,,,,,,,,,
,,,Course Materials,,,,,,,,,
,Urban Transit,,,,,,,,,,,
,,,,,,,Vuchic,,,,,
,Urban Transit,,,,,,,,,,,
,,,,,,,,,,,,$155.00
,Urban Transit,,,,,,,,,,,
,,,,,,,Vuchic,,,,,
,,,,,,,,Vuchic,,,,
,,,,,,,,,,,,$155.00
,,,,,,,,Vuchic,,,,
,,,All : 2016 Fall : Course ID 94617,,,,,,,,,
,,,All : 2016 Fall : Course ID 94627,,,,,,,,,
,,,All : 2016 Fall : Course ID 94629,,,,,,,,,
,,,All : 2016 Fall : Course ID 94634,,,,,,,,,
,,,All : 2016 Fall : Course ID 94639,,,,,,,,,
,,,All : 2016 Fall : Course ID 94644,,,,,,,,,
,,,Course Materials,,,,,,,,,
,Copenhagen,,,,,,,,,,,
,Copenhagen,,,,,,,,,,,
,,,,,,,Frayn,,,,,
,,,All : 2016 Fall : STS : 201 : H01 : Course ID 94560,,,,,,,,,
,,,,,,,,,,,,$9.95
,Contemporary Society,,,,,,,,,,,
,Contemporary Society,,,,,,,,,,,
,,,,,,,Perry,,,,,
,,,,,,9781138100275,,,,,,
,,,,,,,,Frayn,,,,
,,,,,,,,,,,,$192.50
,,,,,,,,Perry,,,,
,,,Course Materials,,,,,,,,,
,Adjustment Computations,,,,,,,,,,,
,Adjustment Computations,,,,,,,,,,,
,,,,,,,Ghilani,,,,,
,,,,,,,,,,,,$201.25
,,,,,,,,Ghilani,,,,
,,,All : 2016 Fall : Course ID 95023,,,,,,,,,
,,,All : 2016 Fall : Course ID 95207,,,,,,,,,
,,,All : 2016 Fall : Course ID 95207,,,,,,,,,
,,,All : 2016 Fall : Course ID 95164,,,,,,,,,
,,,All : 2016 Fall : Course ID 95164,,,,,,,,,
,,,All : 2016 Fall : Course ID 95043,,,,,,,,,
,,,Course Materials,,,,,,,,,
,,,All : 2016 Fall : Course ID 95188,,,,,,,,,
,Modern Romance,,,,,,,,,,,
,,,All : 2016 Fall : Course ID 95190,,,,,,,,,
,Modern Romance,,,,,,,,,,,
,,,,,,,Ansari,,,,,
,,,,,,,Ansari,,,,,
,,,,,,,,,,,,$17.00
,,,All : 2016 Fall : Course ID 95193,,,,,,,,,
,,,,Family Theories,,,,,,,,
,,,All : 2016 Fall : Course ID 95042,,,,,,,,,
,,,,Family Theories,,,,,,,,
,,,,,,,,Ansari,,,,
,,,,,,,,Ansari,,,,
,,,All : 2016 Fall : Course ID 95187,,,,,,,,,
,,,All : 2016 Fall : Course ID 95737,,,,,,,,,
,,,All : 2016 Fall : Course ID 94975,,,,,,,,,
,,,All : 2016 Fall : Course ID 94979,,,,,,,,,
,,,All : 2016 Fall : Course ID 94984,,,,,,,,,
,,,All : 2016 Fall : Course ID 94988,,,,,,,,,
,,,All : 2016 Fall : Course ID 94982,,,,,,,,,
,,,All : 2016 Fall : Course ID 95097,,,,,,,,,
,,,All : 2016 Fall : Course ID 95089,,,,,,,,,
,,,All : 2016 Fall : Course ID 95010,,,,,,,,,
,,,All : 2016 Fall : Course ID 95011,,,,,,,,,
,,,All : 2016 Fall : Course ID 95021,,,,,,,,,
,,,All : 2016 Fall : Course ID 95021,,,,,,,,,
,,,All : 2016 Fall : Course ID 95177,,,,,,,,,
,,,All : 2016 Fall : Course ID 95100,,,,,,,,,
,,,All : 2016 Fall : Course ID 94660,,,,,,,,,
,,,All : 2016 Fall : Course ID 94659,,,,,,,,,
,,,All : 2016 Fall : Course ID 94664,,,,,,,,,
,,,All : 2016 Fall : Course ID 94669,,,,,,,,,
,,,All : 2016 Fall : Course ID 94667,,,,,,,,,
,,,All : 2016 Fall : Course ID 94671,,,,,,,,,
,,,All : 2016 Fall : Course ID 95660,,,,,,,,,
,,,All : 2016 Fall : Course ID 94676,,,,,,,,,
,,,All : 2016 Fall : Course ID 95228,,,,,,,,,
,,,All : 2016 Fall : Course ID 95230,,,,,,,,,
,,,All : 2016 Fall : Course ID 95740,,,,,,,,,
,,,All : 2016 Fall : Course ID 95229,,,,,,,,,
,,,All : 2016 Fall : Course ID 95230,,,,,,,,,
,,,All : 2016 Fall : Course ID 94869,,,,,,,,,
,,,All : 2016 Fall : Course ID 94872,,,,,,,,,
,,,All : 2016 Fall : Course ID 95297,,,,,,,,,
,,,All : 2016 Fall : Course ID 94876,,,,,,,,,
,,,All : 2016 Fall : Course ID 94878,,,,,,,,,
,,,All : 2016 Fall : Course ID 94873,,,,,,,,,
,,,All : 2016 Fall : Course ID 94874,,,,,,,,,
,,,All : 2016 Fall : Course ID 95255,,,,,,,,,
,,,All : 2016 Fall : Course ID 94882,,,,,,,,,
,,,All : 2016 Fall : Course ID 94882,,,,,,,,,
,,,All : 2016 Fall : Course ID 94882,,,,,,,,,
,,,All : 2016 Fall : Course ID 94882,,,,,,,,,
,,,All : 2016 Fall : Course ID 95627,,,,,,,,,
,,,All : 2016 Fall : Course ID 94899,,,,,,,,,
,,,All : 2016 Fall : Course ID 95211,,,,,,,,,
,,,All : 2016 Fall : Course ID 94905,,,,,,,,,
,,,All : 2016 Fall : Course ID 94915,,,,,,,,,
,,,All : 2016 Fall : Course ID 94957,,,,,,,,,
,,,All : 2016 Fall : Course ID 94962,,,,,,,,,
,,,All : 2016 Fall : Course ID 94995,,,,,,,,,
,,,All : 2016 Fall : Course ID 94956,,,,,,,,,
,,,All : 2016 Fall : Course ID 94955,,,,,,,,,
,,,All : 2016 Fall : Course ID 94966,,,,,,,,,
,,,All : 2016 Fall : Course ID 94967,,,,,,,,,
,,,All : 2016 Fall : Course ID 95133,,,,,,,,,
,,,All : 2016 Fall : Course ID 95133,,,,,,,,,
,,,All : 2016 Fall : Course ID 95129,,,,,,,,,
,,,All : 2016 Fall : Course ID 95142,,,,,,,,,
,,,All : 2016 Fall : Course ID 95250,,,,,,,,,
,,,All : 2016 Fall : Course ID 95712,,,,,,,,,
,,,All : 2016 Fall : Course ID 95146,,,,,,,,,
,,,All : 2016 Fall : Course ID 95148,,,,,,,,,
,,,All : 2016 Fall : Course ID 94925,,,,,,,,,
,,,All : 2016 Fall : Course ID 94918,,,,,,,,,
,,,All : 2016 Fall : Course ID 95122,,,,,,,,,
,,,All : 2016 Fall : Course ID 95122,,,,,,,,,
,,,All : 2016 Fall : Course ID 95466,,,,,,,,,
,,,All : 2016 Fall : Course ID 94926,,,,,,,,,
,,,All : 2016 Fall : Course ID 94932,,,,,,,,,
,,,All : 2016 Fall : Course ID 95108,,,,,,,,,
,,,All : 2016 Fall : Course ID 95261,,,,,,,,,
,,,All : 2016 Fall : Course ID 95263,,,,,,,,,
,,,All : 2016 Fall : Course ID 95124,,,,,,,,,
,,,All : 2016 Fall : Course ID 95125,,,,,,,,,
,,,All : 2016 Fall : Course ID 95245,,,,,,,,,
,,,All : 2016 Fall : Course ID 94890,,,,,,,,,
,,,All : 2016 Fall : Course ID 95286,,,,,,,,,
,,,All : 2016 Fall : Course ID 95253,,,,,,,,,
,,,All : 2016 Fall : Course ID 94889,,,,,,,,,
,,,All : 2016 Fall : Course ID 94894,,,,,,,,,
,,,All : 2016 Fall : Course ID 95155,,,,,,,,,
,,,All : 2016 Fall : Course ID 95152,,,,,,,,,
,,,All : 2016 Fall : Course ID 95157,,,,,,,,,
,,,All : 2016 Fall : Course ID 95154,,,,,,,,,
,,,All : 2016 Fall : Course ID 95510,,,,,,,,,
,,,All : 2016 Fall : Course ID 95056,,,,,,,,,
,,,All : 2016 Fall : Course ID 95060,,,,,,,,,
,,,All : 2016 Fall : Course ID 95769,,,,,,,,,
,,,All : 2016 Fall : Course ID 95618,,,,,,,,,
,,,All : 2016 Fall : Course ID 95064,,,,,,,,,
,,,All : 2016 Fall : Course ID 94990,,,,,,,,,
,,,All : 2016 Fall : Course ID 94990,,,,,,,,,
,,,All : 2016 Fall : Course ID 94999,,,,,,,,,
,,,All : 2016 Fall : Course ID 94943,,,,,,,,,
,,,All : 2016 Fall : Course ID 94751,,,,,,,,,
,,,All : 2016 Fall : Course ID 94753,,,,,,,,,
,,,All : 2016 Fall : Course ID 94944,,,,,,,,,
,,,All : 2016 Fall : Course ID 94779,,,,,,,,,
,,,All : 2016 Fall : Course ID 95078,,,,,,,,,
,,,All : 2016 Fall : Course ID 94771,,,,,,,,,
,,,All : 2016 Fall : Course ID 94772,,,,,,,,,
,,,All : 2016 Fall : Course ID 94773,,,,,,,,,
,,,All : 2016 Fall : Course ID 95082,,,,,,,,,
,,,All : 2016 Fall : Course ID 94779,,,,,,,,,
,,,All : 2016 Fall : Course ID 94780,,,,,,,,,
,,,All : 2016 Fall : Course ID 94780,,,,,,,,,
,,,All : 2016 Fall : Course ID 95081,,,,,,,,,
,,,All : 2016 Fall : Course ID 94786,,,,,,,,,
,,,All : 2016 Fall : Course ID 94781,,,,,,,,,
,,,All : 2016 Fall : Course ID 94790,,,,,,,,,
,,,All : 2016 Fall : Course ID 94785,,,,,,,,,
,,,All : 2016 Fall : Course ID 94791,,,,,,,,,
,,,All : 2016 Fall : Course ID 94802,,,,,,,,,
,,,All : 2016 Fall : Course ID 94802,,,,,,,,,
,,,All : 2016 Fall : Course ID 95092,,,,,,,,,
,,,All : 2016 Fall : Course ID 95093,,,,,,,,,
,,,All : 2016 Fall : Course ID 94805,,,,,,,,,
,,,All : 2016 Fall : Course ID 94813,,,,,,,,,
,,,All : 2016 Fall : Course ID 94815,,,,,,,,,
,,,All : 2016 Fall : Course ID 94817,,,,,,,,,
,,,All : 2016 Fall : Course ID 94826,,,,,,,,,
,,,All : 2016 Fall : Course ID 94818,,,,,,,,,
,,,All : 2016 Fall : Course ID 95634,,,,,,,,,
,,,All : 2016 Fall : Course ID 95004,,,,,,,,,
,,,All : 2016 Fall : Course ID 94824,,,,,,,,,
,,,All : 2016 Fall : Course ID 95007,,,,,,,,,
,,,All : 2016 Fall : Course ID 94540,,,,,,,,,
,,,Course Materials,,,,,,,,,
,Research Primer for Technical Communication,,,,,,,,,,,
,Research Primer for Technical Communication,,,,,,,,,,,
,,,,,,,Hughes,,,,,
,,,All : 2016 Fall : Course ID 95049,,,,,,,,,
,,,,,,,,,,,,$79.50
,,,,,,,,Hughes,,,,
,,,All : 2016 Fall : Course ID 95288,,,,,,,,,
,,,All : 2016 Fall : PHB : 610 : 101 : Course ID 94189,,,,,,,,,
,,,Course Materials,,,,,,,,,
,,,All : 2016 Fall : Course ID 95679,,,,,,,,,
,,,All : 2016 Fall : Course ID 95373,,,,,,,,,
,Solving Problems in Technical Communication,,,,,,,,,,,
,,,All : 2016 Fall : Course ID 94833,,,,,,,,,
,Solving Problems in Technical Communication,,,,,,,,,,,
,,,,,,,Johnson-Eilola,,,,,
,,,,,,,,,,,,$43.50
,,,All : 2016 Fall : Course ID 94155,,,,,,,,,
,,,,,,,,Johnson-Eilola,,,,
,,,All : 2016 Fall : Course ID 94858,,,,,,,,,
,,,All : 2016 Fall : Course ID 94154,,,,,,,,,
,,,All : 2016 Fall : Course ID 94861,,,,,,,,,
,,,All : 2016 Fall : Course ID 94860,,,,,,,,,
,,,All : 2016 Fall : Course ID 94169,,,,,,,,,
,,,All : 2016 Fall : Course ID 94162,,,,,,,,,
,,,All : 2016 Fall : Course ID 94180,,,,,,,,,
,,,All : 2016 Fall : Course ID 94172,,,,,,,,,
,,,All : 2016 Fall : Course ID 94184,,,,,,,,,
,,,All : 2016 Fall : Course ID 94184,,,,,,,,,
,,,All : 2016 Fall : Course ID 94179,,,,,,,,,
,,,All : 2016 Fall : PHIL : 334 : 003 : Course ID 94218,,,,,,,,,
,Ethics in Engineering,,,,,,,,,,,
,Ethics in Engineering,,,,,,,,,,,
,,,,,,,Martin,,,,,
,,,,,,9780072831153,,,,,,
,,,,,,,,,,,,$138.75
,,,,,,,,Martin,,,,
,,,All : 2016 Fall : Course ID 95309,,,,,,,,,
,,,All : 2016 Fall : Course ID 95524,,,,,,,,,
,,,All : 2016 Fall : Course ID 95524,,,,,,,,,
,,,All : 2016 Fall : MTSE : 719 : 101 : Course ID 94054,,,,,,,,,
,,,All : 2016 Fall : Course ID 94070,,,,,,,,,
,,,Course Materials,,,,,,,,,
,,,All : 2016 Fall : Course ID 94071,,,,,,,,,
,Optics,,,,,,,,,,,
,,,All : 2016 Fall : Course ID 95556,,,,,,,,,
,Optics,,,,,,,,,,,
,,,,,,,Hecht,,,,,
,,,,,,,,,,,,$217.75
,,,,,,,,Hecht,,,,
,,,All : 2016 Fall : Course ID 94078,,,,,,,,,
,,,All : 2016 Fall : Course ID 94081,,,,,,,,,
,,,All : 2016 Fall : Course ID 94088,,,,,,,,,
,,,All : 2016 Fall : Course ID 94083,,,,,,,,,
,,,All : 2016 Fall : Course ID 94133,,,,,,,,,
,,,All : 2016 Fall : Course ID 94138,,,,,,,,,
,,,All : 2016 Fall : Course ID 95555,,,,,,,,,
,,,All : 2016 Fall : Course ID 94142,,,,,,,,,
,,,All : 2016 Fall : Course ID 94130,,,,,,,,,
,,,All : 2016 Fall : Course ID 94131,,,,,,,,,
,,,All : 2016 Fall : Course ID 94136,,,,,,,,,
,,,All : 2016 Fall : Course ID 94140,,,,,,,,,
,,,All : 2016 Fall : Course ID 94978,,,,,,,,,
,,,All : 2016 Fall : Course ID 94985,,,,,,,,,
,,,All : 2016 Fall : Course ID 95238,,,,,,,,,
,,,All : 2016 Fall : Course ID 95241,,,,,,,,,
,,,All : 2016 Fall : Course ID 95242,,,,,,,,,
,,,All : 2016 Fall : Course ID 95032,,,,,,,,,
,,,All : 2016 Fall : Course ID 95240,,,,,,,,,
,,,All : 2016 Fall : Course ID 95239,,,,,,,,,
,,,All : 2016 Fall : PBL : 201 : 001 : Course ID 94748,,,,,,,,,
,,,Course Materials,,,,,,,,,
,Managerial Decision Modeling etc (w/Bind In Access Code),,,,,,,,,,,
,Managerial Decision Modeling etc (w/Bind In Access Code),,,,,,,,,,,
,,,,,,,Balakrishnan,,,,,
,,,,,,,,,,,,$297.00
,,,,,,,,Balakrishnan,,,,
,,,All : 2016 Fall : PHYS : 111A : 007 : Course ID 94271,,,,,,,,,
,Physics 111A Lab Man 2015 Update (Custom),,,,,,,,,,,
,Physics 111A Lab Man 2015 Update (Custom),,,,,,,,,,,
,,,,,,,Phys,,,,,
,,,,,,,,,,,,$21.75
,,,,,,,,Phys,,,,
,,,Course Materials,,,,,,,,,
,Managerial Decision Modeling etc (w/Bind In Access Code),,,,,,,,,,,
,Managerial Decision Modeling etc (w/Bind In Access Code),,,,,,,,,,,
,,,,,,,Balakrishnan,,,,,
,,,,,,,,,,,,$297.00
,,,,,,,,Balakrishnan,,,,
,,,Course Materials,,,,,,,,,
,Managerial Decision Modeling etc (w/Bind In Access Code),,,,,,,,,,,
,Managerial Decision Modeling etc (w/Bind In Access Code),,,,,,,,,,,
,,,,,,,Balakrishnan,,,,,
,,,,,,,,,,,,$297.00
,,,,,,,,Balakrishnan,,,,
,,,All : 2016 Fall : PHYS : 121A : 013 : Course ID 94305,,,,,,,,,
,Physics 121A Lab Man 2015 Update (Custom),,,,,,,,,,,
,Physics 121A Lab Man 2015 Update (Custom),,,,,,,,,,,
,,,,,,,Phys,,,,,
,,,,,,,,,,,,$21.75
,,,,,,,,Phys,,,,
,,,Course Materials,,,,,,,,,
,,,All : 2016 Fall : PHYS : 202A : 003 : Course ID 94313,,,,,,,,,
,Physics 111A Lab Man 2015 Update (Custom),,,,,,,,,,,
,PHYS 202A Lab Manual,,,,,,,,,,,
,Physics 111A Lab Man 2015 Update (Custom),,,,,,,,,,,
,PHYS 202A Lab Manual,,,,,,,,,,,
,,,,,,,Phys,,,,,
,,,,,,,Phys,,,,,
,,,,,,,,,,,,$29.50
,,,,,,,,Phys,,,,
,,,,,,,,,,,,$21.75
,,,,Quick Study Physics (physics book),,,,,,,,
,,,,Quick Study Physics (physics book),,,,,,,,
,,,,,,,,Phys,,,,
,,,Course Materials,,,,,,,,,
,University Physics Vol2 (NJIT Custom),,,,,,,,,,,
,University Physics Vol2 (NJIT Custom),,,,,,,,,,,
,,,,,,,Young,,,,,
,,,,,,,,,,,,$165.00
,,,,PHYSICS,,,,,,,,
,,,,PHYSICS,,,,,,,,
,,,,,,,,Young,,,,
,,,Course Materials,,,,,,,,,
,University Physics Vol2 (NJIT Custom),,,,,,,,,,,
,University Physics Vol2 (NJIT Custom),,,,,,,,,,,
,,,,,,,Young,,,,,
,,,,,,,,,,,,$165.00
,,,Course Materials,,,,,,,,,
,,,,PHYSICS,,,,,,,,
,Good Earth (w/out Access Code),,,,,,,,,,,
,,,,PHYSICS,,,,,,,,
,,,,,,,,Young,,,,
,Good Earth (w/out Access Code),,,,,,,,,,,
,,,,,,,McConnell,,,,,
,,,Course Materials,,,,,,,,,
,,,,,,,,,,,,$214.50
,Physics in Biology & Medicine,,,,,,,,,,,
,,,All : 2016 Fall : PHYS : 420 : 001 : Course ID 94333,,,,,,,,,
,,,,,,,,McConnell,,,,
,Physics in Biology & Medicine,,,,,,,,,,,
,,,,,,,Davidovits,,,,,
,,,,,,,,,,,,$76.25
,,,Course Materials,,,,,,,,,
,,,,,,,,Davidovits,,,,
,University Physics (CH37-44) Vol 3 NJIT Custom,,,,,,,,,,,
,University Physics (CH37-44) Vol 3 NJIT Custom,,,,,,,,,,,
,,,,,,,Young,,,,,
,,,,,,,,,,,,$83.00
,,,,,,,,Young,,,,
,,,All : 2016 Fall : PHYS : 621 : 101 : Course ID 94352,,,,,,,,,
,Classical Electrodynamics,,,,,,,,,,,
,,,All : 2016 Fall : Course ID 94355,,,,,,,,,
,Classical Electrodynamics,,,,,,,,,,,
,,,,,,,Jackson,,,,,
,,,Course Materials,,,,,,,,,
,,,All : 2016 Fall : Course ID 94355,,,,,,,,,
,,,,,,9780471309321,,,,,,
,Classical Mechanics,,,,,,,,,,,
,,,,,,,,,,,,$144.25
,,,,,,,,Jackson,,,,
,Classical Mechanics,,,,,,,,,,,
,,,,,,,Taylor,,,,,
,,,,,,,,,,,,$135.50
,,,,,,,,Taylor,,,,
,,,All : 2016 Fall : Course ID 94363,,,,,,,,,
,,,All : 2016 Fall : Course ID 94369,,,,,,,,,
,,,All : 2016 Fall : Course ID 94371,,,,,,,,,
,,,All : 2016 Fall : Course ID 94390,,,,,,,,,
,,,All : 2016 Fall : Course ID 94377,,,,,,,,,
,,,All : 2016 Fall : Course ID 94376,,,,,,,,,
,,,All : 2016 Fall : Course ID 94376,,,,,,,,,
,,,All : 2016 Fall : Course ID 94395,,,,,,,,,
,,,All : 2016 Fall : Course ID 94383,,,,,,,,,
,,,All : 2016 Fall : Course ID 94388,,,,,,,,,
,,,All : 2016 Fall : Course ID 94388,,,,,,,,,
,,,All : 2016 Fall : Course ID 94391,,,,,,,,,
,,,All : 2016 Fall : Course ID 94395,,,,,,,,,
,,,All : 2016 Fall : Course ID 94406,,,,,,,,,
,,,All : 2016 Fall : Course ID 94407,,,,,,,,,
,,,All : 2016 Fall : Course ID 94408,,,,,,,,,
,,,All : 2016 Fall : Course ID 94404,,,,,,,,,
,,,All : 2016 Fall : Course ID 94420,,,,,,,,,
,,,All : 2016 Fall : Course ID 94424,,,,,,,,,
,,,All : 2016 Fall : Course ID 94415,,,,,,,,,
,,,All : 2016 Fall : Course ID 94430,,,,,,,,,
,,,All : 2016 Fall : Course ID 94432,,,,,,,,,
,,,All : 2016 Fall : Course ID 94457,,,,,,,,,
,,,All : 2016 Fall : Course ID 94459,,,,,,,,,
,,,All : 2016 Fall : Course ID 94451,,,,,,,,,
,,,All : 2016 Fall : Course ID 94447,,,,,,,,,
,,,All : 2016 Fall : Course ID 94448,,,,,,,,,
,,,All : 2016 Fall : Course ID 94455,,,,,,,,,
,,,All : 2016 Fall : Course ID 94455,,,,,,,,,
,,,All : 2016 Fall : Course ID 94462,,,,,,,,,
,,,All : 2016 Fall : Course ID 94469,,,,,,,,,
,,,All : 2016 Fall : Course ID 94473,,,,,,,,,
,,,All : 2016 Fall : Course ID 94474,,,,,,,,,
,,,All : 2016 Fall : Course ID 94476,,,,,,,,,
,,,All : 2016 Fall : Course ID 94481,,,,,,,,,
,,,All : 2016 Fall : Course ID 94481,,,,,,,,,
,,,All : 2016 Fall : Course ID 94486,,,,,,,,,
,,,All : 2016 Fall : Course ID 94496,,,,,,,,,
,,,All : 2016 Fall : Course ID 94489,,,,,,,,,
,,,All : 2016 Fall : Course ID 94499,,,,,,,,,
,,,All : 2016 Fall : Course ID 94501,,,,,,,,,
,,,All : 2016 Fall : Course ID 94503,,,,,,,,,
,,,All : 2016 Fall : Course ID 94504,,,,,,,,,
,,,All : 2016 Fall : Course ID 94509,,,,,,,,,
,,,All : 2016 Fall : Course ID 94506,,,,,,,,,
,,,All : 2016 Fall : Course ID 94510,,,,,,,,,
,,,All : 2016 Fall : Course ID 94511,,,,,,,,,
,,,All : 2016 Fall : PHYS : 792 : 792 : Course ID 94521,,,,,,,,,
,,,All : 2016 Fall : Course ID 94517,,,,,,,,,
,,,All : 2016 Fall : Course ID 94517,,,,,,,,,
,,,All : 2016 Fall : PHYS : 792 : 253 : Course ID 94519,,,,,,,,,
,,,All : 2016 Fall : PHYS : 792 : 804 : Course ID 94525,,,,,,,,,
,,,All : 2016 Fall : PHYS : 792 : 825 : Course ID 94530,,,,,,,,,
,,,All : 2016 Fall : PHYS : 792 : 828 : Course ID 94532,,,,,,,,,
,,,All : 2016 Fall : Course ID 95744,,,,,,,,,
,,,Course Materials,,,,,,,,,
,Mathematics: Applied Appr,,,,,,,,,,,
,Mathematics: Applied Appr,,,,,,,,,,,
,,,,,,,Sullivan,,,,,
,,,,,,,,,,,,$207.50
,,,,,,,,Sullivan,,,,
,,,All : 2016 Fall : Course ID 95749,,,,,,,,,
,,,All : 2016 Fall : Course ID 94204,,,,,,,,,
,,,Course Materials,,,,,,,,,
,Ansel's Pharmaceutical etc (w/Bind-In Access Code),,,,,,,,,,,
,Ansel's Pharmaceutical etc (w/Bind-In Access Code),,,,,,,,,,,
,,,,,,,Allen,,,,,
,,,,,,,,,,,,$90.00
,,,,,,,,Allen,,,,
,,,Course Materials,,,,,,,,,
,AutoCAD & Its Applications: Basics 2017,,,,,,,,,,,
,AutoCAD & Its Applications: Basics 2017,,,,,,,,,,,
,,,,,,,Shumaker,,,,,
,,,,,,,,,,,,$91.75
,,,,,,,,Shumaker,,,,
,,,Course Materials,,,,,,,,,
,AutoCAD & Its Applications: Basics 2017,,,,,,,,,,,
,AutoCAD & Its Applications: Basics 2017,,,,,,,,,,,
,,,,,,,Shumaker,,,,,
,,,,,,,,,,,,$91.75
,,,,,,,,Shumaker,,,,
,,,Course Materials,,,,,,,,,
,AutoCAD & Its Applications: Basics 2017,,,,,,,,,,,
,AutoCAD & Its Applications: Basics 2017,,,,,,,,,,,
,,,,,,,Shumaker,,,,,
,,,,,,,,,,,,$91.75
,,,All : 2016 Fall : MECH : 234 : 001 : Course ID 93909,,,,,,,,,
,,,,,,,,Shumaker,,,,
,NCEES FE Reference Hdbk 9.3 Edition,,,,,,,,,,,
,NCEES FE Reference Hdbk 9.3 Edition,,,,,,,,,,,
,,,,,,,Ppi,,,,,
,,,,,,,Ppi,,,,,
,,,,,,9781932613674,,,,,,
,,,,,,9781932613674,,,,,,
,,,,,,,,,,,,$31.25
,,,,Vector Mechanics etc: Statics,,,,,,,,
,,,,Vector Mechanics etc: Statics,,,,,,,,
,,,,,,,,Ppi,,,,
,,,,,,,,Ppi,,,,
,,,Course Materials,,,,,,,,,
,Thermodynamics (Property Tables Booklet),,,,,,,,,,,
,Thermodynamics (Property Tables Booklet),,,,,,,,,,,
,,,,,,,Cengel,,,,,
,,,,,,,Cengel,,,,,
,,,,,,,,,,,,$54.25
,,,,Thermodynamics: Engineering Approach,,,,,,,,
,,,,Thermodynamics: Engineering Approach,,,,,,,,
,,,,,,,,Cengel,,,,
,,,,,,,,Cengel,,,,
,,,Course Materials,,,,,,,,,
,NCEES FE Reference Hdbk 9.3 Edition,,,,,,,,,,,
,NCEES FE Reference Hdbk 9.3 Edition,,,,,,,,,,,
,,,,,,,Ppi,,,,,
,,,,,,,Ppi,,,,,
,,,,,,,,,,,,$31.25
,,,Course Materials,,,,,,,,,
,,,,Mechanics of Materials (w/Out Access Code),,,,,,,,
,Engineering Mech: Dynamics (TEXT ONLY),,,,,,,,,,,
,,,,Mechanics of Materials (w/Out Access Code),,,,,,,,
,,,,,,,,Ppi,,,,
,Engineering Mech: Dynamics (TEXT ONLY),,,,,,,,,,,
,,,,,,,Hibbeler,,,,,
,,,,,,,,Ppi,,,,
,,,,,,,,,,,,$251.00
,,,,,,,,Hibbeler,,,,
,,,Course Materials,,,,,,,,,
,NCEES FE Reference Hdbk 9.3 Edition,,,,,,,,,,,
,NCEES FE Reference Hdbk 9.3 Edition,,,,,,,,,,,
,,,,,,,Ppi,,,,,
,,,,,,,Ppi,,,,,
,,,,,,,,,,,,$31.25
,,,,Mechanics of Materials (w/Out Access Code),,,,,,,,
,,,,Mechanics of Materials (w/Out Access Code),,,,,,,,
,,,,,,,,Ppi,,,,
,,,,,,,,Ppi,,,,
,,,Course Materials,,,,,,,,,
,DeGarmo's Materials & Processes in Mfg (w/BindIn Access),,,,,,,,,,,
,DeGarmo's Materials & Processes in Mfg (w/BindIn Access),,,,,,,,,,,
,,,,,,,Black,,,,,
,,,,,,,,,,,,$282.50
,,,,,,,,Black,,,,
,,,Course Materials,,,,,,,,,
,DeGarmo's Materials & Processes in Mfg (w/BindIn Access),,,,,,,,,,,
,DeGarmo's Materials & Processes in Mfg (w/BindIn Access),,,,,,,,,,,
,,,,,,,Black,,,,,
,,,,,,,,,,,,$282.50
,,,,,,,,Black,,,,
,,,Course Materials,,,,,,,,,
,DeGarmo's Materials & Processes in Mfg (w/BindIn Access),,,,,,,,,,,
,DeGarmo's Materials & Processes in Mfg (w/BindIn Access),,,,,,,,,,,
,,,,,,,Black,,,,,
,,,,,,,,,,,,$282.50
,,,,,,,,Black,,,,
,,,Course Materials,,,,,,,,,
,DeGarmo's Materials & Processes in Mfg (w/BindIn Access),,,,,,,,,,,
,DeGarmo's Materials & Processes in Mfg (w/BindIn Access),,,,,,,,,,,
,,,,,,,Black,,,,,
,,,,,,,,,,,,$282.50
,,,,,,,,Black,,,,
,,,All : 2016 Fall : Course ID 93645,,,,,,,,,
,,,Course Materials,,,,,,,,,
,DeGarmo's Materials & Processes in Mfg (w/BindIn Access),,,,,,,,,,,
,DeGarmo's Materials & Processes in Mfg (w/BindIn Access),,,,,,,,,,,
,,,,,,,Black,,,,,
,,,,,,,,,,,,$282.50
,,,,,,,,Black,,,,
,,,Course Materials,,,,,,,,,
,DeGarmo's Materials & Processes in Mfg (w/BindIn Access),,,,,,,,,,,
,DeGarmo's Materials & Processes in Mfg (w/BindIn Access),,,,,,,,,,,
,,,,,,,Black,,,,,
,,,,,,,,,,,,$282.50
,,,All : 2016 Fall : Course ID 93674,,,,,,,,,
,,,,,,,,Black,,,,
,,,All : 2016 Fall : Course ID 93678,,,,,,,,,
,,,All : 2016 Fall : Course ID 93698,,,,,,,,,
,,,All : 2016 Fall : Course ID 93685,,,,,,,,,
,,,All : 2016 Fall : Course ID 93690,,,,,,,,,
,,,All : 2016 Fall : Course ID 93705,,,,,,,,,
,,,All : 2016 Fall : Course ID 93705,,,,,,,,,
,,,All : 2016 Fall : Course ID 93706,,,,,,,,,
,,,Course Materials,,,,,,,,,
,,,All : 2016 Fall : Course ID 93710,,,,,,,,,
,Mechanical Behavior of Materials,,,,,,,,,,,
,Mechanical Behavior of Materials,,,,,,,,,,,
,,,,,,,Courtney,,,,,
,,,,,,,,,,,,$114.25
,,,,,,,,Courtney,,,,
,,,All : 2016 Fall : Course ID 93716,,,,,,,,,
,,,All : 2016 Fall : Course ID 93725,,,,,,,,,
,,,All : 2016 Fall : Course ID 93725,,,,,,,,,
,,,All : 2016 Fall : Course ID 93721,,,,,,,,,
,,,All : 2016 Fall : Course ID 93737,,,,,,,,,
,,,All : 2016 Fall : Course ID 93738,,,,,,,,,
,,,All : 2016 Fall : Course ID 93727,,,,,,,,,
,,,All : 2016 Fall : Course ID 93743,,,,,,,,,
,,,All : 2016 Fall : Course ID 93743,,,,,,,,,
,,,All : 2016 Fall : Course ID 93743,,,,,,,,,
,,,All : 2016 Fall : Course ID 93747,,,,,,,,,
,,,All : 2016 Fall : Course ID 93747,,,,,,,,,
,,,All : 2016 Fall : Course ID 93758,,,,,,,,,
,,,All : 2016 Fall : Course ID 93763,,,,,,,,,
,,,All : 2016 Fall : Course ID 93763,,,,,,,,,
,,,All : 2016 Fall : Course ID 93763,,,,,,,,,
,,,All : 2016 Fall : Course ID 93763,,,,,,,,,
,,,All : 2016 Fall : Course ID 93771,,,,,,,,,
,,,All : 2016 Fall : Course ID 93775,,,,,,,,,
,,,All : 2016 Fall : Course ID 93786,,,,,,,,,
,,,All : 2016 Fall : MNET : 414 : 001 : Course ID 94020,,,,,,,,,
,Engineering Economic Analysis (w/CD & SG),,,,,,,,,,,
,Engineering Economic Analysis (w/CD & SG),,,,,,,,,,,
,,,,,,,Newnan,,,,,
,,,,,,9780199364497,,,,,,
,,,,,,,,,,,,$155.00
,,,,,,,,Newnan,,,,
,,,All : 2016 Fall : Course ID 93776,,,,,,,,,
,,,All : 2016 Fall : Course ID 93804,,,,,,,,,
,,,All : 2016 Fall : Course ID 93824,,,,,,,,,
,,,All : 2016 Fall : Course ID 93806,,,,,,,,,
,,,All : 2016 Fall : Course ID 93806,,,,,,,,,
,,,All : 2016 Fall : Course ID 93813,,,,,,,,,
,,,All : 2016 Fall : Course ID 93826,,,,,,,,,
,,,All : 2016 Fall : Course ID 93818,,,,,,,,,
,,,All : 2016 Fall : Course ID 93834,,,,,,,,,
,,,All : 2016 Fall : Course ID 93849,,,,,,,,,
,,,Course Materials,,,,,,,,,
,Managing for Quality & Performance etc,,,,,,,,,,,
,Managing for Quality & Performance etc,,,,,,,,,,,
,,,,,,,Evans,,,,,
,,,,,,,,,,,,$356.75
,,,,,,,,Evans,,,,
,,,All : 2016 Fall : Course ID 93852,,,,,,,,,
,,,All : 2016 Fall : Course ID 93866,,,,,,,,,
,,,All : 2016 Fall : Course ID 93881,,,,,,,,,
,,,All : 2016 Fall : Course ID 93867,,,,,,,,,
,,,All : 2016 Fall : Course ID 93882,,,,,,,,,
,,,All : 2016 Fall : Course ID 93870,,,,,,,,,
,,,All : 2016 Fall : Course ID 93884,,,,,,,,,
,,,All : 2016 Fall : Course ID 93886,,,,,,,,,
,,,All : 2016 Fall : Course ID 93877,,,,,,,,,
,,,All : 2016 Fall : Course ID 93898,,,,,,,,,
,,,All : 2016 Fall : Course ID 93900,,,,,,,,,
,,,All : 2016 Fall : Course ID 93901,,,,,,,,,
,,,All : 2016 Fall : IT : 330 : 101 : Course ID 93262,,,,,,,,,
,Guide to Computer Forensics etc (w/DVD),,,,,,,,,,,
,Guide to Computer Forensics etc (w/DVD),,,,,,,,,,,
,,,,,,,Nelson,,,,,
,,,,,,9781285060033,,,,,,
,,,,,,,,,,,,$206.50
,,,,,,,,Nelson,,,,
,,,Course Materials,,,,,,,,,
,Intro to JAVA Prog: Comprehensive (w/Bind-In Access),,,,,,,,,,,
,Intro to JAVA Prog: Comprehensive (w/Bind-In Access),,,,,,,,,,,
,,,,,,,Liang,,,,,
,,,,,,,,,,,,$176.50
,,,,,,,,Liang,,,,
,,,All : 2016 Fall : IS : 265 : 001 : Course ID 93037,,,,,,,,,
,Information Systems for Business,,,,,,,,,,,
,Information Systems for Business,,,,,,,,,,,
,,,,,,,Belanger,,,,,
,,,,,,9780470903728,,,,,,
,,,,,,,,,,,,$95.25
,,,,,,,,Belanger,,,,
,,,Course Materials,,,,,,,,,
,Computer Networks & Internets etc (w/Access Code),,,,,,,,,,,
,Computer Networks & Internets etc (w/Access Code),,,,,,,,,,,
,,,,,,,Comer,,,,,
,,,,,,,,,,,,$199.75
,,,,,,,,Comer,,,,
,,,Course Materials,,,,,,,,,
,Computer Networks & Internets etc (w/Access Code),,,,,,,,,,,
,Computer Networks & Internets etc (w/Access Code),,,,,,,,,,,
,,,,,,,Comer,,,,,
,,,,,,,,,,,,$199.75
,,,,,,,,Comer,,,,
,,,Course Materials,,,,,,,,,
,,,All : 2016 Fall : IS : 661 : 001 : Course ID 93089,,,,,,,,,
,Concepts in Enterprise Resource Planning,,,,,,,,,,,
,Interaction Design: Beyond Human Interaction,,,,,,,,,,,
,Interaction Design: Beyond Human Interaction,,,,,,,,,,,
,,,,,,,Preece,,,,,
,Concepts in Enterprise Resource Planning,,,,,,,,,,,
,,,,,,,Monk,,,,,
,,,,,,9781119020752,,,,,,
,,,,,,,,,,,,$102.00
,,,,,,,,Preece,,,,
,,,,,,,,,,,,$113.25
,,,,,,,,Monk,,,,
,,,Course Materials,,,,,,,,,
,Database System Concepts,,,,,,,,,,,
,,,All : 2016 Fall : IS : 663 : 101 : Course ID 93093,,,,,,,,,
,Database System Concepts,,,,,,,,,,,
,Software Engineering,,,,,,,,,,,
,Software Engineering,,,,,,,,,,,
,,,,,,,Sommerville,,,,,
,,,,,,9780133943030,,,,,,
,,,,,,,Silberschatz,,,,,
,,,,,,,,,,,,$206.25
,,,,,,,,,,,,$240.25
,,,,,,,,Sommerville,,,,
,,,,,,,,Silberschatz,,,,
,,,All : 2016 Fall : Course ID 93121,,,,,,,,,
,,,All : 2016 Fall : Course ID 93121,,,,,,,,,
,,,All : 2016 Fall : Course ID 93125,,,,,,,,,
,,,All : 2016 Fall : Course ID 93125,,,,,,,,,
,,,All : 2016 Fall : Course ID 93125,,,,,,,,,
,,,All : 2016 Fall : Course ID 93145,,,,,,,,,
,,,Course Materials,,,,,,,,,
,,,All : 2016 Fall : Course ID 93139,,,,,,,,,
,Information Technology Auditing,,,,,,,,,,,
,Information Technology Auditing,,,,,,,,,,,
,,,,,,,Hall,,,,,
,,,,,,,,,,,,$250.75
,,,,,,,,Hall,,,,
,,,All : 2016 Fall : Course ID 93143,,,,,,,,,
,,,All : 2016 Fall : Course ID 93146,,,,,,,,,
,,,All : 2016 Fall : Course ID 93147,,,,,,,,,
,,,All : 2016 Fall : Course ID 93149,,,,,,,,,
,,,All : 2016 Fall : Course ID 93165,,,,,,,,,
,,,All : 2016 Fall : Course ID 93167,,,,,,,,,
,,,All : 2016 Fall : Course ID 93167,,,,,,,,,
,,,All : 2016 Fall : Course ID 93155,,,,,,,,,
,,,All : 2016 Fall : Course ID 93170,,,,,,,,,
,,,All : 2016 Fall : Course ID 93158,,,,,,,,,
,,,All : 2016 Fall : Course ID 93174,,,,,,,,,
,,,All : 2016 Fall : Course ID 93179,,,,,,,,,
,,,All : 2016 Fall : Course ID 93189,,,,,,,,,
,,,All : 2016 Fall : Course ID 93178,,,,,,,,,
,,,All : 2016 Fall : Course ID 93200,,,,,,,,,
,,,All : 2016 Fall : Course ID 93189,,,,,,,,,
,,,All : 2016 Fall : Course ID 93189,,,,,,,,,
,,,All : 2016 Fall : Course ID 93207,,,,,,,,,
,,,All : 2016 Fall : Course ID 93194,,,,,,,,,
,,,All : 2016 Fall : Course ID 93195,,,,,,,,,
,,,All : 2016 Fall : Course ID 93203,,,,,,,,,
,,,All : 2016 Fall : IS : 791 : 001 : Course ID 93220,,,,,,,,,
,,,All : 2016 Fall : Course ID 93212,,,,,,,,,
,,,All : 2016 Fall : Course ID 93218,,,,,,,,,
,,,All : 2016 Fall : MATH : 101 : 001 : Course ID 93304,,,,,,,,,
,College Algebra,,,,,,,,,,,
,College Algebra,,,,,,,,,,,
,,,,,,,Ratti,,,,,
,,,,,,9780321912787,,,,,,
,,,,,,,,,,,,$237.75
,,,,,,,,Ratti,,,,
,,,All : 2016 Fall : MATH : 111 : 001 : Course ID 93334,,,,,,,,,
,,,,,,,Thomas,,,,,
,,,All : 2016 Fall : Course ID 95724,,,,,,,,,
,,,,,,,Thomas,,,,,
,,,,,,9780321981677,,,,,,
,,,,,,9780321981677,,,,,,
,,,,Calculus: Early Transcendentals (LL)(w/MyMathLab),,,,,,,,
,,,,Calculus: Early Transcendentals (LL)(w/MyMathLab),,,,,,,,
,,,,,,,,Thomas,,,,
,,,,,,,,Thomas,,,,
,,,Course Materials,,,,,,,,,
,Understanding Basic Statistics w/o WEBASSIGN homewk mgmt,,,,,,,,,,,
,Understanding Basic Statistics w/o WEBASSIGN homewk mgmt,,,,,,,,,,,
,,,,,,,Brase,,,,,
,,,,,,,,,,,,$234.50
,,,,,,,,Brase,,,,
,,,Course Materials,,,,,,,,,
,,,,,,,Thomas,,,,,
,,,,,,,Thomas,,,,,
,,,,Calculus: Early Transcendentals (LL)(w/MyMathLab),,,,,,,,
,,,,Calculus: Early Transcendentals (LL)(w/MyMathLab),,,,,,,,
,,,,,,,,Thomas,,,,
,,,,,,,,Thomas,,,,
,,,Course Materials,,,,,,,,,
,,,,,,,Thomas,,,,,
,,,,,,,Thomas,,,,,
,,,,Calculus: Early Transcendentals (LL)(w/MyMathLab),,,,,,,,
,,,,Calculus: Early Transcendentals (LL)(w/MyMathLab),,,,,,,,
,,,,,,,,Thomas,,,,
,,,,,,,,Thomas,,,,
,,,Course Materials,,,,,,,,,
,,,,,,,Thomas,,,,,
,,,,,,,Thomas,,,,,
,,,,Calculus: Early Transcendentals (LL)(w/MyMathLab),,,,,,,,
,,,,Calculus: Early Transcendentals (LL)(w/MyMathLab),,,,,,,,
,,,,,,,,Thomas,,,,
,,,,,,,,Thomas,,,,
,,,Course Materials,,,,,,,,,
,,,,,,,Thomas,,,,,
,,,,,,,Thomas,,,,,
,,,,Calculus: Early Transcendentals (LL)(w/MyMathLab),,,,,,,,
,,,,Calculus: Early Transcendentals (LL)(w/MyMathLab),,,,,,,,
,,,,,,,,Thomas,,,,
,,,,,,,,Thomas,,,,
,,,Course Materials,,,,,,,,,
,Calculus: Concepts etc (w/Enh WebAssign Access),,,,,,,,,,,
,Calculus: Concepts etc (w/Enh WebAssign Access),,,,,,,,,,,
,,,,,,,Stewart,,,,,
,,,,,,,,,,,,$159.49
,,,,,,,,Stewart,,,,
,,,All : 2016 Fall : MATH : 480 : 001 : Course ID 95126,,,,,,,,,
,,,All : 2016 Fall : MATH : 651 : 001 : Course ID 93452,,,,,,,,,
,,,Course Materials,,,,,,,,,
,,,,,,,Montgomery,,,,,
,,,All : 2016 Fall : MATH : 663 : 101 : Course ID 93458,,,,,,,,,
,,,,,,,Montgomery,,,,,
,,,,Applied Statistics Wiley Plus Card Only,,,,,,,,
,Fund of Biostatistics,,,,,,,,,,,
,Fund of Biostatistics,,,,,,,,,,,
,,,,Applied Statistics Wiley Plus Card Only,,,,,,,,
,,,,,,,,Montgomery,,,,
,,,,,,,Rosner,,,,,
,,,,,,9781305268920,,,,,,
,,,,,,,,Montgomery,,,,
,,,,,,,,,,,,$269.25
,,,,,,,,Rosner,,,,
,,,Course Materials,,,,,,,,,
,,,,,,,Montgomery,,,,,
,,,,,,,Montgomery,,,,,
,,,,Applied Statistics Wiley Plus Card Only,,,,,,,,
,,,,Applied Statistics Wiley Plus Card Only,,,,,,,,
,,,,,,,,Montgomery,,,,
,,,,,,,,Montgomery,,,,
,,,Course Materials,,,,,,,,,
,Mathematics Applied to Deterministic Problem etc,,,,,,,,,,,
,Mathematics Applied to Deterministic Problem etc,,,,,,,,,,,
,,,,,,,Lin,,,,,
,,,,,,,,,,,,$84.00
,,,,,,,,Lin,,,,
,,,All : 2016 Fall : Course ID 93473,,,,,,,,,
,,,Course Materials,,,,,,,,,
,Mathematics Applied to Deterministic Problem etc,,,,,,,,,,,
,,,All : 2016 Fall : Course ID 93475,,,,,,,,,
,Mathematics Applied to Deterministic Problem etc,,,,,,,,,,,
,,,,,,,Lin,,,,,
,,,,,,,,,,,,$84.00
,,,,,,,,Lin,,,,
,,,Course Materials,,,,,,,,,
,Differential Dynamical Systems,,,,,,,,,,,
,,,All : 2016 Fall : Course ID 93482,,,,,,,,,
,Differential Dynamical Systems,,,,,,,,,,,
,,,,,,,Meiss,,,,,
,,,,,,,,,,,,$102.75
,,,,,,,,Meiss,,,,
,,,Course Materials,,,,,,,,,
,Linear & Nonlinear Waves,,,,,,,,,,,
,,,All : 2016 Fall : Course ID 93481,,,,,,,,,
,Linear & Nonlinear Waves,,,,,,,,,,,
,,,,,,,Whitham,,,,,
,,,All : 2016 Fall : Course ID 93480,,,,,,,,,
,,,,,,,Whitham,,,,,
,,,,,,,,,,,,$202.25
,,,All : 2016 Fall : Course ID 93495,,,,,,,,,
,,,All : 2016 Fall : Course ID 93495,,,,,,,,,
,,,,Modern Intro to Math Theory of Water Waves,,,,,,,,
,,,,Modern Intro to Math Theory of Water Waves,,,,,,,,
,,,,,,,,Whitham,,,,
,,,,,,,,Whitham,,,,
,,,All : 2016 Fall : Course ID 93492,,,,,,,,,
,,,All : 2016 Fall : Course ID 93506,,,,,,,,,
,,,All : 2016 Fall : Course ID 93513,,,,,,,,,
,,,All : 2016 Fall : Course ID 93515,,,,,,,,,
,,,All : 2016 Fall : Course ID 93521,,,,,,,,,
,,,All : 2016 Fall : Course ID 93522,,,,,,,,,
,,,All : 2016 Fall : Course ID 93523,,,,,,,,,
,,,All : 2016 Fall : Course ID 93531,,,,,,,,,
,,,All : 2016 Fall : Course ID 93525,,,,,,,,,
,,,All : 2016 Fall : Course ID 93533,,,,,,,,,
,,,All : 2016 Fall : Course ID 95303,,,,,,,,,
,,,All : 2016 Fall : Course ID 93551,,,,,,,,,
,,,All : 2016 Fall : Course ID 93551,,,,,,,,,
,,,All : 2016 Fall : MATH : NE : SK3 : Course ID 94744,,,,,,,,,
,,,All : 2016 Fall : Course ID 93565,,,,,,,,,
,,,All : 2016 Fall : MATH : 791 : 001 : Course ID 93568,,,,,,,,,
,,,All : 2016 Fall : Course ID 95735,,,,,,,,,
,,,All : 2016 Fall : MATH : 792B : 747 : Course ID 95306,,,,,,,,,
,,,All : 2016 Fall : MATH : 792B : 745 : Course ID 93570,,,,,,,,,
,,,All : 2016 Fall : MATH : NE : SK1 : Course ID 94742,,,,,,,,,
,,,All : 2016 Fall : MATH : NE : SK2 : Course ID 94743,,,,,,,,,
,,,All : 2016 Fall : Course ID 92927,,,,,,,,,
,,,Course Materials,,,,,,,,,
,Human Factors in Simple & Complex Systems,,,,,,,,,,,
,,,All : 2016 Fall : Course ID 92945,,,,,,,,,
,Human Factors in Simple & Complex Systems,,,,,,,,,,,
,,,,,,,Proctor,,,,,
,,,,,,,,,,,,$137.00
,,,,,,,,Proctor,,,,
,,,All : 2016 Fall : Course ID 92939,,,,,,,,,
,,,All : 2016 Fall : Course ID 92939,,,,,,,,,
,,,All : 2016 Fall : Course ID 92948,,,,,,,,,
,,,Course Materials,,,,,,,,,
,Human Factors in Simple & Complex Systems,,,,,,,,,,,
,,,All : 2016 Fall : Course ID 92961,,,,,,,,,
,Human Factors in Simple & Complex Systems,,,,,,,,,,,
,,,,,,,Proctor,,,,,
,,,All : 2016 Fall : Course ID 92953,,,,,,,,,
,,,,,,,,,,,,$137.00
,,,All : 2016 Fall : Course ID 92951,,,,,,,,,
,,,,,,,,Proctor,,,,
,,,All : 2016 Fall : Course ID 92958,,,,,,,,,
,,,Course Materials,,,,,,,,,
,Human Factors in Simple & Complex Systems,,,,,,,,,,,
,Human Factors in Simple & Complex Systems,,,,,,,,,,,
,,,,,,,Proctor,,,,,
,,,All : 2016 Fall : Course ID 92967,,,,,,,,,
,,,All : 2016 Fall : Course ID 92968,,,,,,,,,
,,,,,,,,,,,,$137.00
,,,,,,,,Proctor,,,,
,,,All : 2016 Fall : Course ID 92986,,,,,,,,,
,,,All : 2016 Fall : Course ID 92992,,,,,,,,,
,,,All : 2016 Fall : Course ID 92994,,,,,,,,,
,,,All : 2016 Fall : Course ID 92999,,,,,,,,,
,,,All : 2016 Fall : Course ID 93001,,,,,,,,,
,,,All : 2016 Fall : Course ID 93011,,,,,,,,,
,,,All : 2016 Fall : Course ID 93013,,,,,,,,,
,,,All : 2016 Fall : Course ID 93014,,,,,,,,,
,,,All : 2016 Fall : Course ID 93002,,,,,,,,,
,,,All : 2016 Fall : Course ID 93004,,,,,,,,,
,,,All : 2016 Fall : Course ID 93010,,,,,,,,,
,,,All : 2016 Fall : Course ID 93007,,,,,,,,,
,,,All : 2016 Fall : Course ID 93005,,,,,,,,,
,,,All : 2016 Fall : Course ID 95285,,,,,,,,,
,,,All : 2016 Fall : MIP : 631 : 101 : Course ID 95401,,,,,,,,,
,,,All : 2016 Fall : Course ID 93019,,,,,,,,,
,,,All : 2016 Fall : Course ID 93021,,,,,,,,,
,,,All : 2016 Fall : ID : 340 : 001 : Course ID 92870,,,,,,,,,
,,,All : 2016 Fall : MIP : 655 : 101 : Course ID 94003,,,,,,,,,
,,,All : 2016 Fall : HUM : 101 : L60 : Course ID 94728,,,,,,,,,
,,,All : 2016 Fall : HUM : 101 : L63 : Course ID 94731,,,,,,,,,
,,,Course Materials,,,,,,,,,
,Marketing: Intro (w/out Access),,,,,,,,,,,
,Marketing: Intro (w/out Access),,,,,,,,,,,
,,,,,,,Armstrong,,,,,
,,,,,,,,,